title1,abstract1,title2,abstract2,kesamaan_abstract_jurnal
Kesehatan Masyarakat,"setiap orang berhak atas taraf hidup yang sehat dan kesejatraan dirinya sendiri dan keluarga.pentingnya kesehatan sebagai hak dan kewajiban sebagai kondisi yang diperlukan sepenuhnya.hak atas kesehatan meliputi hak untuk mendapatkan kehidupan dan pekerjaan yang sehat,dan hak untuk mendapatkan pelayanan kesehatan.",GANGGUAN KESEHATAN PADA ANAK USIA DINI AKIBAT KEKURANGAN GIZI DAN UPAYA PENCEGAHANNYA,"Kesehatan adalah hal terpenting dan sangat berharga bagi masyarakat pada umumnya untuk mewujudkan kondisi ini, diperlukan asupan gizi yang cukup. Gizi merupakan zat makanan yang apabila dikonsumsi seseorang maka bisa mendatangkan kesehatan.Jadi kesehatan dan gizi sangat berhubungan. Menyiapkan asupan gizi untuk anak usia dini merupakan hal yang penting untuk diperhatikan oleh orangtua. Karena asupan gizi yang diterima anak usia dini akan mempengaruhi proses tumbuh kembang mereka diusia dewasa kelak. Gizi pada anak tidak dapat dipisahkan dan erat kaitannya dengan kesehatan dan kecerdasan anak. Selain itu, melalui gizi yang diterima anak akan menjadi faktor pendukung dari pertumbuhan dan perkembangan anak. Tujuan penelitian ini adalah untuk meningkatkan kesadaran pendidik maupun orang tua tentang pentingnya kecukupan asupan gizi untuk Anak. Metode yang digunakan dalam penelitian ini kajian pustaka hasil dan pembahasan penelitian yang searah dengan program yang akan diterapkan. Melalui penelitian ini diharapkan dapat memberikan pemahaman kepada pendidik ataupun orang tua yang ada di rumah, sebagai bentuk kesadaran pengawasan akan asupan dan kecukupan gizi anak yang juga sebagai salah satu faktor penting pendukung dari pertumbuhan dan perkembangnnya. factor penyebab kurang gizi; 1). Penyebab langsung, Makanan anak dan penyakit infeksi yang mungkin diderita anak. 2). Penyebab tidak langsung, Ketahanan pangan di keluarga, pola pengasuhan anak, serta kesehatan dan kesehatan lingkungan. Upaya pencegahan dini pada anak yang mengalami gizi buruk; dengan prinsip-prinsip sebagai berikut: 1).Upaya perbaikan status gizi ibu sejak masa remaja. 2). Pemenuhan kebutuhan gizi balita yang dimulai dari ejak lahir dengan standar emas makanan bayi. : 3). Penapisan massal untuk menemukan hambatan pertumbuhan dan gizi kurang pada anak usia dini. 4). Perhatian khusus diberikan kepada bayi dan balita dengan factor resiko mengalami kekurangan gizi. 5). Dukungan program terkait. 6). Dukungan lintas sector. 7). Perhatian khusus diberikan kepada balita yang rentan memiliki gizi buruk. ",0.6
"PENGUATAN LITERASI, NUMERASI, DAN ADAPTASI TEKNOLOGI PADA PEMBELAJARAN DI SEKOLAH","Penguatan literasi, numerasi, dan adaptasi teknologi merupakan upaya penting untuk meningkatkan kualitas sumber daya manusia di Era Digital dan Era Disrupsi. Indonesia masih sangat jauh tertinggal dari negara lain dalam hal ini. Pemerintah beserta pihak terkait (Sekolah, Perguruan Tinggi, Lembaga Penjaminan Mutu Pendidikan, dan Orang Tua) harus turut serta dalam penguatan literasi, numerasi, dan adaptasi teknologi bagi peserta didik dan pendidik di Indonesia. Salah satu kegiatannya adalah mengintegrasikan kegiatan literasi, numerasi, dan teknologi dalam pembelajaran baik di sekolah maupun di rumah.",Analisis Pengaruh Covid-19 Terhadap Kesehatan Mental Masyarakat Di Indonesia,"Pandemi COVID-19 membawa pengaruh yang besar terhadap kesehatan masyarakat. Bukan hanya dari segi fisik, namun juga kesehatan psikis atau mental yang disebabkan oleh berbagai masalah dan kecemasan. Penelitian ini bertujuan untuk mengetahui faktor apa saja yang mempengaruhi kesehatan mental masyarakat dan mengetahui pengaruh COVID-19 terhadap kesehatan mental masyarakat Indonesia secara luas. Metode: Metode yang digunakan dalam penelitian ini adalah metode kualitatif dan studi literatur. Teknik pengumpulan data yaitu melakukan penggalian informasi berdasarkan beberapa sumber tertulis seperti buku, artikel, jurnal, majalah, serta dokumen sesuai dengan permasalahan yang dikaji.Hasil: Hasil dari penelitian ini adalah COVID-19 membawa pengaruh besar pada kesehatan fisik dan mental masyarakat di Indonesia. Adapun faktor yang mempengaruhi kesehatan mental masyarakat adalah risiko utama depresi yang muncul akibat pandemi COVID-19 antara lain: resesi ekonomi, faktor jarak dan isolasi sosial, serta stress dan trauma pada tenaga kesehatan. Pengaruh yang diakibatkan COVID-19 pada perubahan yang terjadi secara tiba-tiba, membuat masyarakat sulit beradaptasi dan menyebabkan stress hingga trauma.Simpulan: COVID-19 membawa pengaruh besar dalam kesehatan fisik dan mental masyarakat di Indonesia.",0.25
Pengaruh Sarana Prasarana Dan Pemanfaatan Teknologi Informasi Dalam Pembelajaran Terhadap Mutu Pendidikan Di Sekolah Menengah Pertama Negeri Kabupaten Lombok Utara Tahun 2022,"Penelitian ini dilakukan untuk menemukan pengaruh sarana prasarana dan pemanfaatan teknologi informasi dalam pembelajaran terhadap mutu pendidikan. Tujuan penelitian ini adalah untuk menganalisis dan menemukan perbedaan mutu pendidikan di SMP Negeri Kabupaten Lombok Utara yang memiliki perbedaan sarana prasarana dan pemanfaatan teknologi informasi dalam pembelajaran. Penelitian ini menggunakan pendekatan deskriptif kuantitatif dengan metode penelitian kausal komparatif. Populasi pada penelitian ini terdiri dari 270 orang guru ASN yang tersebar di 16 SMP Negeri Kabupaten Lombok Utara. Teknik pengambilan sampel menggunakan proportional random sampling pada tiap sub populasi dan sampel ditentukan secara random. Sampel pada penelitian ini berjumlah 160 orang guru. Uji hipotesis menggunakan Analisys of Varians (ANOVA). Hasil penelitian menunjukkan: 1) Sarana prasarana tergolong cukup (69,04%); 2) Pemanfaatan teknologi informasi dalam pembelajaran tergolong cukup (68,51%); 3) Mutu pendidikan tergolong baik (81,04%); 4) Sarana prasarana berpengaruh positif dan signifikan terhadap mutu pendidikan (p  0,005); 5) Pemanfaatan teknologi informasi dalam pembelajaran berpengaruh positif dan signifikan terhadap mutu pendidikan (p  0,005); dan 6) Tidak terdapat pengaruh interaksi sarana prasarana dan pemanfaatan teknologi informasi dalam pembelajaran terhadap peningkatan mutu pendidikan (p > 0,005).",Pengaruh pendidikan kesehatan tentang bantuan hidup dasar (BHD) terhadap tingkat pengetahuan anggota PMR di SMK N 1 Bawen,"Tindakan darurat BHD dilakukan untuk membebaskan jalan napas, membantu pernapasan dan mempertahankan sirkulasi darah tanpa menggunakan alat bantu, Kegawatdaruratan dapat terjadi kapan saja, dimana saja, dan pada siapa saja. Bagi korban memerlukan suatu bentuk pertolongan yang cepat dan tepat agar korban dapat terhindar dari bahaya maut. Ilmu pertolongan pertama pada kecelakan sebaiknya di miliki oleh anggota PMR. Salah satu upaya pemberian informasi adalah melalui penyuluhan atau pendidikan kesehatan, yang diharapkan dapat meningkatkan pengetahuan anggota PMR. Penelitian ini memiliki tujuan untuk mengetahui pengaruh pendidikan kesehatan tentang Batuan hidup dasar (BHD) terhadap tingkat pengetahuan anggota PMR di SMK N 1 Bawen Desain penelitian ini menggunakan rancangan pra eksperimen dengan pendekatan one group pre test-post test design Populasi dalam penelitian ini adalah anggota PMR di SMK N 1 Bawen sebanyak 35 orang. Tehnik sampling dalam penelitian ini adalah purposive sampling. Analisis data menggunakan analisis univariat dan bivariat menggunakan uji wilcoxon. Pengetahuan kesehatan tentang Batuan hidup dasar (BHD) pada anggota PMR sebelum pendidikan kesehatan memiliki nilai rata-rata 71,22, sesudah pendidikan kesehatan memiliki nilai rata-rata 87,78. Ada pengaruh pendidikan kesehatan tentang Batuan hidup dasar (BHD) terhadap tingkat pengetahuan anggota PMR diperoleh nilai p-value 0,0001>0,05. Ada pengaruh pendidikan kesehatan tentang Batuan hidup dasar (BHD) terhadap tingkat pengetahuan anggota PMR. Hasil penelitian ini memberikan masukan pada SMK N 1 Bawen agar dapat mengadakan pelatihan tentang penanganan Batuan hidup dasar (BHD) pada anggota PMR.",0.35
Marketing 4.0 dalam Pelayanan Kesehatan: Tinjauan Literatur terhadap Transformasi Digital dan Strategi Pemasaran: Literature Review,"Industri pelayanan kesehatan sedang mengalami transisi mendasar sebagai akibat dari kemajuan teknologi digital, termasuk inovasi dalam pemasaran digital. Marketing 4.0 yang berfokus pada penggunaan teknologi digital dan interaksi online menjadi pendorong utama perubahan dalam bisnis ini. Tujuan: Dalam perspektif ini, penelitian ini mengkaji penggunaan pemasaran digital dalam layanan kesehatan. Metode: Metode penelitian ini menggunakan literature review dengan mengacu pada sumber-sumber dalam bahasa Inggris dan bahasa Indonesia melalui database seperti Pubmed, ProQuest, Scopus, dan Google Scholar. Kriteria inklusi mencakup artikel yang membahas pemasaran digital dalam layanan kesehatan. Hasil: Hasil dari penelusuran artikel melibatkan tiga penelitian yang relevan. Studi-studi ini mengungkapkan pentingnya integrasi berbagai saluran komunikasi pemasaran online, termasuk periklanan, hubungan masyarakat, penjualan pribadi, promosi penjualan, penjualan langsung, dan pemasaran digital, untuk mengembangkan strategi komunikasi layanan kesehatan yang efektif dan efisien. Selain itu, penelitian menyoroti dampak positif pemasaran media sosial terhadap layanan kesehatan dan keterlibatan merek, serta strategi pemasaran digital yang efisien seperti penggunaan media sosial, optimalisasi pencarian digital, dan periklanan online. Kesimpulan: Marketing 4.0 telah mengubah lanskap pemasaran dalam industri layanan kesehatan. Pemasaran digital menjadi alat yang krusial dalam berinteraksi dengan pasien, mempromosikan layanan kesehatan, dan membangun merek yang kuat. Transformasi digital dan strategi pemasaran yang terintegrasi menjadi kunci untuk memenuhi harapan pasien dan meningkatkan pengalaman mereka dalam pelayanan kesehatan.",DAMPAK PERNIKAHAN USIA DINI TERHADAP KESEHATAN REPRODUKSI,"Pernikahan merupakan ikatan lahir dan batin berupa penyatuan antara laki-laki dan perempuan atas dasar keinginan untuk memiliki keturunan dan keluarga. Pada dasarnya pernikahan dilakukan oleh seseorang yang telah memiliki kematangan dalam segi fisik, psikologis, dan ekonomi. Namun, di Indonesia sekitar 12 - 20% masih bisa ditemukan pernikahan yang belum disertai dengan kesiapan dari berbagai aspek seperti fisik, ekonomi, dan pengetahuan mengenai kehidupan rumah tangga. Artikel ini menggunakan metode penelitian kualitatif dan deskriptif yang akan menggali lebih dalam mengenai pernikahan dini dan keterkaitannya dengan kesehatan reproduksi. Pernikahan usia dini dilakukan oleh seseorang yang rata-rata berusia dibawah 19 tahun yang rata-rata belum siap dalam berbagai aspek dalam pernikahan. Hal ini kemungkinan akan berdampak terhadap kesehatan reproduksi baik untuk perempuan maupun laki-laki. Oleh karena itu, diperlukan persiapan yang dari berbagai aspek dalam melaksanakan pernikahan sehingga upaya untuk menghindari dampak buruk pernikahan usia dini terhadap kesehatan reproduksi dapat diminimalisir.",0.15
Pemanfaatan Teknologi Informasi dalam Pembelajaran Tingkat Sekolah Dasar pada Masa Pandemi Covid-19,"Penelitian ini dilakukan untuk mengetahui manfaat dari teknologi informasi dalam proses pembelajaran di sekolah dasar pada masa pandemikCOVID-19. Dengan menggunakan metode penelitian kepustakaan. Pandemik COVID-19 sangat berdampak pada pendidikan di Indoneia. Proses pembelajaran yang awalnya dilakukan di sekolah kini menjadi pembelajaran daring yang dilakukan dari rumah. Pemanfaatan teknologi informasi sangat membantu dalam proses pembelajaran di masa Pandemi COVID-19. Kemajuan teknologi informasi yang  sudah sangat maju saat ini, internet bisa menghubungkan siswa dengan guru melalui laman e-learning, whatsapp group, google class,google doc atau google form, zoom.  Kemendikbud juga menyediakan platform belajar daring gratis bernama Rumah Belajar. Untuk daerah di mana koneksi internetnya tidak terlalu baik, pemerintah bekerja sama dengan TVRI, stasiun televisi negara, untuk menyampaikan materi belajar yang ada di dalam program Belajar di Rumah.Pada tingkat sekolah dasar kelas atas aplikasi yang yang efektif digunakan dalam proses pembelajaran online adalah aplikasi google classroom dan aplikasi zoom sedangkan untuk kelas bawah aplikasi yang dapat sangat efektif digunakan adalah aplikasi whatshapp group. Dalam proses pembelajaran daring yang dilakukan siswa tidak lepas dari pengawasan orang tua dan guru.",kesehatan,"HIV-AIDS adalah penyakit infeksi yang disebabkan oleh infeksi Human Immunodeficiency Virus. HIV dapat ditularkan melalui seks, transfusi darah, berbagi jarum suntik dan penularan ibu-ke-bayi (perinatal). Faktor risiko heteroseksual adalah yang tertinggi, yaitu 82,8%, diikuti oleh homoseksual sebesar 7,4% dan perinatal sebesar 4,0%",0.05
PENGERTIAN NARKOBA DAN BAHAYA NARKOBA BAGI KESEHATAN,"Masa Remaja merupakan masa dimana seseorang mengalami peralihan dari satu tahap ke tahap berikutnya dan mengalami perubahan baik emosi, tubuh, pola perilaku, pola pikir dan jugapenuh dengan masalah-masalah remaja.Terkadang mengonsumsi narkoba menjadi salah satu jalan tenang bagi seorang remaja.Kebiasaan mengonsumsi narkoba bagi para remaja bermula karena kurangnya pengetahuan, terlalu stress, dan bisa juga terbujuk dengan rayuan temannya. Jika sudah mengonsumsi narkoba,sebaiknya dengan cepat menghindari nya sebelum kecanduan. Mulai dari hidup sehat dan teratur mengingat bahaya narkoba bagi kesehatan yang sangat mengerikan. Carilah suasana pergaulan baru yang menjauhi Perilaku mengonsumsi Narkoba.",Pengembangan E-Modul Berbasis Flipbook Maker pada Mata Pelajaran Teknologi Perkantoran,"Tujuan dari penelitian ini pengembangan e-modul berbasis flipbook maker pada mata pelajaran teknologi perkantoran ini yaitu 1)untuk mengetahui proses pengembangan e-modul berbasis flipbook maker pada mata pelajaran teknologi perkantoran; 2)kelayakan pengembangan e-modul berbasis flipbook maker pada mata pelajaran teknologi perkantoran; 3)respons siswa terhadap pengembangan e-modul berbasis flipbook maker pada mata pelajaran teknologi perkantoran. Jenis metode penelitian ini adalah Research And Development dengan menggunakan model ADDIE yang terdapat lima tahapan yaitu Analysis (analisis data), Design (perencanaan), Development (pengembangan), Implementation (penerapan), Evaluation (evaluasi). Dalam penelitian ini instrumen yang digunakan yaitu terdiri dari lembar validasi ahli materi, media, bahasa dan hasil angket respons siswa SMKN 1 Sooko Mojokerto. Hal tersebut dibuktikan dengan hasil dari validasi ahli materi memperoleh persentase sebesar 85%, ahli media sebesar 92%, ahli bahasa sebesar 88% pengembangan e-modul berbasis flipbook maker pada mata pelajaran teknologi perkantoran memperoleh kategori sangat layak secara keseluruhan persentase yang diperoleh 88,33% dan hasil angket respons siswa memperoleh persentase 95,45%. Sehingga dapat disimpulkan bahwa pengembangan e-modul berbasis flipbook maker pada mata pelajaran teknologi perkantoran sangat layak untuk diterapkan di SMKN 1 Sooko Mojokerto",0.05
Skrining Kesehatan Anak Sekolah sebagai upaya deteksi Kesehatan sejak dini,"Kesehatan anak merupakan hal yang penting, mengingat anak merupakan generasi penerus bangsa yang meneruskan pembanguanan bangsa ke arah yang lebih baik . dalam bidang kesehatan saat ini, masaah kesehatan anak merupakan masalah yang utama. Penyelenggaraan upaya kesehatan mempunyai tujuan untuk mencapai kemampuan hidup sehat bagi setiap manusia. Penjaringan Kesehatan Anak Sekolah (Screening) merupakan salah satu bentuk dari pelayanan kesehatan yang bertujuan untuk mendeteksi dini siswa yang memiliki masalah kesehatan agar segera mendapatkan penanganan sedini mungkin serta tersedianya data atau informasi untuk menilai perkembangan kesehatan peserta didik. Meliputi Pemeriksaan kebersihan perorangan (rambut, kulit dan kuku) pemeriksaan status gizi melalui pengukuran antropometri, pemeriksaan ketajaman indera (penglihatan dan pendengaran), pemeriksaan kesehatan gigi dan mulut. Setelah selesai pemeriksaan siswa diberikan penyuluhan tentang UKGS (Usaha Kesehatan Gigi Anak Sekolah). Kegiatan yang dilakukan unuk meningkatkan kewaspadaan terhadap masalah kesehatan anak sekolah dasar maka dilaksanakan screening atau penjaringan kesehatan anak sekolah dasar. Kegiatan dilaksanakan dalam waktu selama 4 hari yaitu tanggal 4,5,6 dan 7 Februari 2022 pada murid kelas 1- 6 di SD Blabak II dan IV Kabupaten Kediri. Kegiatan dilaksanan dengan metode pemeriksaan klinis berupa anamnesa dan pemeriksaan dengan mengukur tinggi badan menggunakan pengukur tinggi badan. Mengukur berat badan degan timbangan, kemudian melakukan pemeriksaan dari kebersihan rambut, mata, hidung, gigi, dan mulut, telinga dengan menggunakan penlight kemudian memeriksa kebersihan kulit dan kuku.","Transformasi Jaringan Telekomunikasi dengan Teknologi 5G: Tantangan, Potensi, dan Implikasi","Teknologi 5G telah menjadi fokus utama dalam transformasi jaringan telekomunikasi saat ini. Artikel ini mengulas tantangan, potensi, dan implikasi yang terkait dengan penerapan teknologi 5G. Tantangan yang dihadapi meliputi infrastruktur yang kompleks, pengelolaan frekuensi yang efisien, dan keamanan yang lebih tinggi. Namun, teknologi 5G juga memiliki potensi besar dalam meningkatkan kecepatan dan kapasitas jaringan, memfasilitasi konektivitas yang lebih baik, dan mengakselerasi perkembangan teknologi lainnya. Implikasi dari teknologi 5G mencakup perubahan sosial, transformasi industri, dan kebijakan regulasi yang harus disesuaikan. Penelitian lanjutan dan kerjasama yang erat antara pemangku kepentingan akan sangat diperlukan untuk mengatasi tantangan dan memaksimalkan potensi teknologi 5G.",0.05
STRATEGI PENDIDIKAN UNTUK SUKSES DI ERA TEKNOLOGI 5.0,"Teknologi 5.0 adalah evolusi terbaru dari teknologi, yang menghubungkan dunia fisik dan digital dengan lebih integratif dan efektif dari definisinya hingga penerapannya dalam berbagai sektor, seperti manufaktur, pertanian, kesehatan, dan pendidikan. Di era teknologi 5.0, teknologi semakin mengoptimalkan kehidupan manusia dengan mempercepat proses produksi dan memberikan solusi yang lebih efisien dan akurat. Namun, pengembangan teknologi juga memunculkan tantangan, seperti penggunaan teknologi yang tidak bertanggung jawab dan pelanggaran privasi. Era Teknologi 5.0 menjadi sebuah fenomena baru dalam pengembangan teknologi di berbagai bidang, termasuk dalam bidang pendidikan. Perubahan ini mempengaruhi pendidikan untuk dapat mengembangkan kompetensi dan keterampilan abad ke-21. Artikel ini mengulas mengenai perkembangan pendidikan di era Teknologi 5.0, serta tantangan dan peluang yang terkait dengan penggunaan teknologi dalam pendidikan. Dalam era ini, kurikulum dan metode pembelajaran berbasis teknologi harus dikembangkan agar dapat memenuhi kebutuhan perkembangan zaman. Guru juga harus dilatih agar memiliki kemampuan dalam mengoperasikan teknologi yang semakin canggih, serta memanfaatkan peluang untuk menciptakan pembelajaran yang lebih inklusif dan berbasis keterampilan. Pendidikan di era Teknologi 5.0 memberikan peluang untuk memperkuat relevansi pendidikan dengan kebutuhan zaman.",DAMPAK TEKNOLOGI TERHADAP PENDIDIKAN,"Teknologi pembelajaran terus mengalami perkembangan seiring dengan perkembangan zaman. Dalam pelaksanaan pembelajaran sehari-hari kita sering jumpai adanya pemfaatan dari perkembangan Teknologi dalam dunia pendidikan, seperti yang sering dilakukan oleh guru atau dosen yaitu mengkombinasikan alat teknologi dalam peroses pembelajaran. Namun demikian, teknologi itu tidak hanya mendatangkan manfaat positif, melainkan juga akan dapat mendatangkan dampak negatif, perkembangan ilmu pengetahuan dan teknologi berdampak positif dengan semakin terbuka dan tersebarnya informasi dan pengetahuan dari dan ke seluruh dunia menembus batas ruang dan waktu. Dampak negatifnya yaitu terjadinya perubahan perilaku, etika, norma, aturan, atau moral kehidupan yang bertentangan dengan etika, norma, aturan, dan moral kehidupan yang ada pada masyarakat.",0.45
Kebijakan Akselerasi Transformasi Digital di Indonesia: Peluang dan Tantangan untuk Pengembangan Ekonomi Kreatif,"Transformasi digital telah menjadi tren global yang mempengaruhi semua aspek kehidupan manusia. Di Indonesia, kebijakan akselerasi transformasi digital dapat mempercepat pertumbuhan ekonomi, terutama di sektor ekonomi kreatif. Permasalahan yang ada di antaranya terkait dengan infrastruktur, literasi dan regulasi dalam mengakselerasi transformasi yang ada. Tujuan dari penelitian ini adalah untuk menganalisis peluang dan tantangan yang terkait dengan kebijakan akselerasi transformasi digital dalam pengembangan ekonomi kreatif di Indonesia. Penelitian menemukan bahwa ada berbagai peluang yang dapat dimanfaatkan dalam pengembangan ekonomi kreatif di Indonesia melalui kebijakan akselerasi transformasi digital, tantangan yang harus diatasi, seperti rendahnya aksesibilitas teknologi dan infrastruktur yang kurang memadai. Penelitian menunjukkan bahwa kebijakan akselerasi transformasi digital dapat menjadi pendorong pertumbuhan ekonomi kreatif di Indonesia yang harus disesuaikan dengan kondisi lokal dan diiringi dengan upaya-upaya untuk meningkatkan aksesibilitas teknologi dan infrastruktur yang memadai. Metode penelitian yang digunakan dalam studi ini adalah pendekatan kualitatif untuk memahami dan menjelaskan fenomena yang kompleks dan bervariasi dari sudut pandang subjek yang terlibat dalam studi ini. Analisis data dilakukan dengan menggunakan studi literatur dari jurnal ilmiah popular dan data statistik yang dapat dipertanggungjawabkan. Analisis data dilakukan melalui pengumpulan data dari berbagai sumber literatur yang relevan dengan fenomena yang akan diteliti. Berdasarkan hasil penelitian, dapat disimpulkan bahwa kebijakan akselerasi transformasi digital dapat menjadi faktor penting dalam pengembangan ekonomi kreatif di Indonesia dengan upaya-upaya untuk mengatasi tantangan yang ada, seperti meningkatkan aksesibilitas teknologi dan infrastruktur yang memadai. Oleh karena itu, diperlukan sinergi antara pelaku industri, pemerintah, dan masyarakat dalam mendorong dan mendukung pertumbuhan ekonomi kreatif melalui kebijakan akselerasi transformasi digital.",Implementasi Teknologi dalam Pembelajaran di Era Digital: Tantangan dan Peluang bagi Dunia Pendidikan di Indonesia,"Penelitian ini mengeksplorasi tantangan dan peluang yang terkait dengan implementasi teknologi dalam pembelajaran dalam konteks era digital di Indonesia. Dengan menggunakan pendekatan metode campuran, penelitian ini menggabungkan data kualitatif dan kuantitatif dari para pendidik, pembuat kebijakan, siswa, dan orang tua untuk mendapatkan wawasan yang komprehensif. Temuan-temuannya mengungkapkan kondisi integrasi teknologi saat ini, menyoroti kesenjangan dalam akses dan infrastruktur teknologi. Mengatasi kesenjangan digital dan menyediakan pengembangan profesional yang sesuai untuk para pendidik diidentifikasi sebagai langkah penting untuk membuka potensi penuh dari teknologi untuk meningkatkan pendidikan di Indonesia. Pelokalan konten digital dan penciptaan lingkungan belajar yang inklusif dan berbasis teknologi merupakan hal yang sangat penting untuk mempersiapkan siswa menghadapi masa depan yang semakin berpusat pada teknologi.",0.5
Evaluasi Kebijakan Pembiayaan Kesehatan Bagi Masyarakat Miskin Pada Program JKN,"Program Jaminan Kesehatan Nasional merupakan program pemerintah yang bertujuan untuk memberikan kepastian jaminan kesehatan yang menyeluruh kepada setiap orang dan mendukung masyarakat Indonesia untuk hidup sehat, produktif, dan sejahtera. JKN harus mampu memberikan pelayanan yang menyeluruh dan menyediakan pembiayaan kesehatan yang berlandaskan pada pemerataan agar terciptanya dukungan lintas tanggung jawab antara penduduk dan daerah. Metode yang digunakan dalam penyusunan artikel ini adalah Studi Pustaka, Berdasarkan hasil penelitian menunjukkan bahwa asuransi kesehatan berupa Askeskin telah berhasil menjangkau masyarakat miskin dan Jaminan Kesehatan Nasional yang telah terbukti efektif di beberapa kota di Indonesia serta dibutuhkan asuransi kesehatan sosial atau Jaminan Kesehatan Sosial (JKN). Karena asuransi kesehatan sosial memberikan manfaat yang menyeluruh dengan premi yang terjangkau. memberikan dampak yang positif bagi masyarakat termasuk di Provinsi Kalimantan Timur. Sementara itu untuk mengamati dampak positif pada kelompok subsidi dan iuran, semakin besar pengaruh pada kelompok iuran menunjukkan adanya potensi efek yang merugikan (adverse selection effect) di antara banyaknya penduduk yang mampu.",Upaya Pemerintah dan Teknologi Pertanian dalam Meningkatkan Pembangunan dan Kesejahteraan Petani di Indonesia,"Teknologi pertanian telah membawa dampak yang signifikan dalam mengembangkan sektor pertanian di Indonesia. Dengan menggunakan metode penelitian kualitatif deskriptif dan pendekatan studi literatur, penelitian ini menyelidiki upaya pemerintah dalam menerapkan teknologi pertanian modern untuk meningkatkan pembangunan negara dan kesejahteraan petani. Hasil penelitian menunjukkan bahwa penerapan teknologi pertanian modern telah memungkinkan petani untuk meningkatkan efisiensi produksi, mengurangi beban kerja manual, dan meningkatkan produktivitas secara keseluruhan. Selain itu, teknologi informasi dan komunikasi juga memainkan peran penting dalam menghubungkan petani dengan informasi pasar dan memfasilitasi akses ke platform belanja online, yang berkontribusi pada peningkatan pemasaran dan penjualan produk pertanian. Langkah-langkah yang diambil oleh pemerintah, seperti program penyuluhan, penyediaan input produksi, dan pembangunan infrastruktur pertanian, telah memberikan dampak positif dalam meningkatkan kualitas hidup petani dan mendorong pertumbuhan ekonomi di daerah pedesaan. Namun, untuk memastikan keberlanjutan dan kesuksesan implementasi teknologi pertanian, diperlukan keterlibatan lebih lanjut dari pemerintah dalam menyelenggarakan program pendidikan dan pelatihan bagi petani, serta memperkuat infrastruktur teknologi di pedesaan. Dengan demikian, teknologi pertanian dapat terus menjadi pendorong utama pembangunan negara dan kesejahteraan petani di Indonesia.",0.25
EFEKTIVITAS PENGGUNAAN TEKNOLOGI INFORMASI UNTUK PEMBELAJARAN DARING DI MASA PANDEMI,"Penyebaran virus COVID-19 yang sangat cepat di Indonesia, telah memberikan dampak besar pada berbagai bidang di Indonesia terutama pada bidang pendidikan, hal tersebut kemudian menuntut lembaga pendidikan untuk melakukan inovasi dalam proses belajar-mengajar selama masa pandemi COVID-19. Salah satu inovasi yang dilakukan oleh lembaga pendidikan agar proses pembelajaran tetap terlaksanakan di tengah pandemi COVID-19 ini adalah dengan melakukan pembelajaran secara online atau daring dengan memanfaatkan teknologi informasi. Pemanfaatan teknologi informasi untuk pembelajaran daring di masa pandemi menggunakan e-learning menjadi solusi agar kegiatan belajar-mengajar tetap bisa dijalankan. Namun, dalam proses penerapannya tidak serta merta tanpa masalah. Perubahan mendadak dari metode pembelajaran konvensional menjadi pembelajaran jarak jauh (online) dari rumah secara mendadak (karena pandemi COVID-19) membuat proses penerapan pembelajaran daring dirasa kurang efektif. Oleh sebab itu, penting untuk meneliti bagaimana efektivitas penggunaan teknologi informasi terhadap pembelajaran daring di masa pandemi. Jenis penelitian ini adalah penelitian statistik kuantitatif non parametrik dengan teknik pengumpulan data menggunakan studi literatur, wawancara, dan kuesioner serta menggunakan metode uji hipotesis Korelasi Rank Spearman. Hasil dari penelitian ini menunjukkan bahwa terdapat pengaruh positif dan signifikan antara variabel efektivitas penggunaan teknologi informasi (X) dengan variabel pembelajaran daring di masa pandemi (Y). Hal ini ditunjukkan dengan nilai koefisien korelasi sebesar 0,611 dengan menggunakan sebesar 1% (0,01) dengan nilai signifikansi (2-tailed) sebesar 0,000. Pelaksanaan pembelajaran daring di masa pandemi COVID-19 juga memiliki berbagai kendala dan dampak yang dialami oleh guru, peserta didik, maupun orang tua. Mulai dari lemahnya penguasaan teknologi informasi, hilangnya minat belajar dan motivasi belajar peserta didik, serta keterbatasan sarana dan prasarana pembelajaran.",Penerapan Teknologi Blockchain dalam Lingkungan Pendidikan,"Teknologi Blockchain adalah bidang yang menarik bagi banyak industri dan perguruan tinggi di dunia. Sebagai inovasi yang relatif baru dalam ilmu komputer, Blockchain adalah teknologi global, lintas industri, dan disruptif yang diperkirakan akan memicu pertumbuhan ekonomi global selama beberapa dekade berikutnya. Blockchain adalah sebuah sistem penyimpanan data digital yang terdiri dari banyak server (multiserver). Pada teknologi Blockchain, data yang dibuat oleh satu server dapat direplikasi dan diverifikasi oleh server yang lain. Banyak orang mengasosiasikan Blockchain dengan cryptocurrency atau mata uang kripto. Anggapan ini tidaklah salah, sebab salah satu mata uang kripto yakni Bitcoin merupakan pengguna pertama teknologi Blockchain. Namun, sebenarnya pemanfaatan Blockchain tak sebatas pada mata uang kripto. Sebab, teknologi yang berfungsi merekam data dan transaksi mini bisa digunakan untuk banyak sektor seperti pencatatan proses transaksi, dokumentasi, bahkan pemungutan suara. Dalam tulisan ini, penulis akan menyajikan usecase yang relevan dalam penggunaan teknologi Blockchain di lingkungan Pendidikan, khususnya pengolahan data di perguruan tinggi. Penelitian yang mendasari tulisan ini didasarkan pada metode penelitian kualitatif, menggunakan desk research, tinjauan literatur, wawancara dan studi kasus untuk menghasilkan bukti. Penggunaan metode kualitatif saat ini merupakan pendekatan pragmatis dalam rangka melibatkan diri dengan subjek pada saat penelitian. Sehingga subjek yang berada pada tahap embrionik dapat terus dicermati dan diekplorasi penerapannya. Saat ini, teknologi Blockchain dengan studi kasus di dunia pendidikan masih bersifat inisiatif eksplorasi dan / atau percobaan.",0.3
Akses Pelayanan Kesehatan Ibu dan Anak di Puskesmas Selama Pandemi Covid-19,"Diberlakukannya kebijakan lockdown di beberapa negara karena Pandemi COVID-19 saat ini menyebabkan sistem pelayanan kesehatan ibu dan anak terganggu. Salah satunya dalam hal pembatasan kunjungan ibu hamil untuk memeriksakan kehamilan di fasilitas kesehatan secara langsung. Hal tersebut mengakibatkan terbatasnya akses ibu untuk melakukan kunjungan pelayanan kesehatan ibu dan anak di fasilitas kesehatan. Tujuan dari penelitian ini untuk mengetahui bagaimana akses pelayanan Kesehatan ibu dan anak di puskesmas selama pandemic COVID-19. Penelitian ini menggunakan metode scoping review dengan database yang digunakan adalah PubMed dan Google Scholar. Pencarian artikel diperoleh hasil 5 artikel yang memenuhi kriteria inklusi dari 86 artikel yang tersedia. Hasil dari penelitian menunjukkan bahwa kebijakan pembatasan pergerakan selama pandemi COVID-19, ketakutan tertular virus COVID-19 di fasilitas kesehatan serta tantangan ekonomi yang dihadapi ibu selama pandemi COVID-19 menjadi hambatan yang dialami ibu dalam mengakses pelayanan KIA selama pandemi COVID-19. Kebijakan lockdown menjadikan ibu tidak dapat melakukan kunjungan ANC secara lengkap. Kesulitan ekonomi mempengaruhi ibu dalam mengakses fasilitas kesehatan karena ibu lebih memilih untuk memenuhi kebutuhan sehari-hari dibanding untuk mengakses pelayanan KIA. Ketakutan tertular COVID-19 juga menjadikan ibu memilih untuk tidak mengunjungi pelayanan KIA di fasilitas kesehatan. Sehingga, sulitnya akses ibu ke pelayanan KIA di masa pandemi mengakibatkan ibu hamil berisiko tinggi mengalami komplikasi karena tidak teridentifikasinya kemungkinan tanda-tanda bahaya saat kehamilan di fasilitas kesehatan.",Penanganan Pelayanan Kesehatan Di Masa Pandemi Covid-19 Dalam Perspektif Hukum Kesehatan,"Pada bulan Desember 2019, wabah pneumonia yang disebabkan oleh virus corona terjadi di Wuhan, provinsi Hubei, dan telah menyebar dengan cepat ke seluruh Cina. Wabah ini menyebar begitu cepat hingga ke seluruh dunia. Wabah ini diberi nama Corona Virus Disease 2019 (COVID-19) yang disebabkan oleh Severe Acute Respiratory Syndrome Coronavirus-2 (SARS-CoV-2). Pada 30 Januari 2020, WHO menyatakan wabah SARS-CoV-2 sebagai Kesehatan Masyarakat Darurat dari Kepedulian Internasional. Pandemi ini menjadi duka dan beban yang sangat berat bagi masyarakat dunia dan Indonesia. Berdasarkan data dari Kementerian Kesehatan Republik Indonesia, jumlah kasus corona di dunia telah mencapai 5,21 Juta dengan jumlah sembuh 2.05 Juta dan meninggal mencapai 338 Ribu, sedangkan kasus di Indonesia telah mencapai 20,796 kasus dengan jumlah sembuh 5,057 dan meninggal 1,326. Data yang didapat berasal dari beberapa Peraturan dan beberapa peraturan dan kebijakan lainnya, serta fenomena yang terjadi di lapangan. Hasil penelitian menyatakan bahwa Indonesia sudah mengalami kondisi dimana kekhawatiran masyarakat terhadap covid-19 cukup besar, sehingga diperlukan kebijakan pemerintah untuk melakukan Lockdown, sebagai upaya memutus mata rantai penyebaran virus COVID-19. Awaln ya pemerintah tidak mengikuti cara yang digunakan oleh beberapa negara lainnya terkait informasi yang diberikan mengenai virus COVID-19, untuk meminimalisir adanya berita Hoax dari segelintir orang yang tidak bertanggung jawab.",0.5
Analisis Peran Infrastruktur Dalam Pertumbuhan Ekonomi Pembangunan Di Kota Palembang,"Artikel ini bertujuan untuk menganalisis peran infrastruktur dalam mendukung pertumbuhan ekonomi dan pembangunan di Kota Palembang, dengan fokus pada dampak infrastruktur terhadap sektor-sektor ekonomi utama dan kesejahteraan masyarakat setempat. Penelitian ini didasarkan pada studi literatur yang melibatkan tinjauan berbagai artikel, laporan pemerintah, dan penelitian terkait untuk mengumpulkan informasi tentang perkembangan infrastruktur dan pertumbuhan ekonomi di Kota Palembang. Analisis data sekunder dilakukan untuk mengidentifikasi tren dan dampak infrastruktur pada pembangunan ekonomi. Artikel ini membahas sejarah pembangunan infrastruktur di Kota Palembang dan menyoroti perkembangan terkini dalam sektor transportasi, energi, dan teknologi informasi. Hasil analisis menunjukkan bahwa pembangunan infrastruktur di Kota Palembang memiliki peran yang signifikan dalam hal terjadinya peningkatan pertumbuhan ekonomi serta kesejahteraan masyarakat. Dengan adanya peningkatan aksesibilitas dan konektivitas telah mendorong investasi, pertumbuhan sektor-sektor ekonomi, dan peningkatan pendapatan penduduk.",Penggunaan Teknologi Dalam Pengembangan SDM,"Penggunaan teknologi dalam pengembangan sumber daya manusia (SDM) merupakan salah satu strategi untuk meningkatkan kualitas, keterampilan, dan kompetensi SDM agar dapat beradaptasi dengan perubahan lingkungan dan tantangan di masa depan. Teknologi dapat digunakan untuk mendukung proses manajemen SDM, seperti rekrutmen, seleksi, pelatihan, penilaian, dan pengembangan karir. Teknologi juga dapat membantu menciptakan nilai tambah bagi organisasi melalui inovasi, kreativitas, dan kolaborasi. Penelitian ini bertujuan untuk menguji pengaruh teknologi terhadap pengembangan SDM di berbagai bidang, seperti bisnis, pendidikan, pemerintahan, dan kesehatan. Metode penelitian yang digunakan adalah studi literatur dengan mengumpulkan dan menganalisis data sekunder dari berbagai sumber. Hasil penelitian menunjukkan bahwa teknologi memberikan dampak positif bagi pengembangan SDM, seperti meningkatkan efisiensi, efektivitas, produktivitas, kinerja, motivasi, kepuasan, loyalitas, dan komitmen SDM. Namun, teknologi juga menimbulkan tantangan dan hambatan dalam pengembangan SDM, seperti perubahan budaya organisasi, kebutuhan kompetensi baru, masalah etika, privasi, dan keamanan data. Oleh karena itu, diperlukan strategi yang tepat untuk mengimplementasikan teknologi dalam pengembangan SDM agar dapat memberikan manfaat yang optimal bagi organisasi dan individu.",0.25
Tinjauan Kebijakan Kesehatan Mental di Indonesia: Menuju Pencapaian Sustainable Development Goals dan Universal Health Coverage,"Kesehatan mental merupakan suatu keselarasan hidup yang tercipta antara fungsi jiwa dengan kemampuan mengatasi masalah. Kebijakan kesehatan mental masih terbatas dan belum terintegrasi. Indonesia juga berkomitmen untuk mencapai SDGs dan UHC. Tujuan penelitian ini adalah mengkaji kebijakan kesehatan mental di Indonesia dan mengevaluasi sejauh mana kebijakan tersebut mendukung pencapaian SDGs dan UHC. Penelitian ini menggunakan studi pustaka untuk mengkaji berbagai metode. Strategi pencarian artikel menggunakan basis data daring yaitu Google Scholar dan penelitian ini menggunakan metodologi kajian pustaka. Perlu adanya layanan kesehatan mental yang komprehensif untuk dijadikan bagian dari SDGs dan UHC. Pemerintah terus berupaya berbagai kebijakan kesehatan mental dalam rangka menekan prevalensi gangguan jiwa di Indonesia. Namun, beberapa program kesehatan mental yang telah disusun masih memiliki kekurangan dalam proses implementasinya. Minimnya ketersediaan obat psikotropika di puskesmas dan adanya format pelaporan yang belum seragam serta keberadaan petugas pencatatan dan pelaporan kesehatan mental menjadi kendala dalam praktik kebijakan kesehatan mental di Indonesia. Oleh karena itu, diperlukan data yang memadai dan berkualitas untuk merumuskan kebijakan yang efektif agar upaya penanganan kesehatan jiwa di jenjang pelayanan kesehatan primer dan sekunder dapat berjalan lebih optimal. Sehingga dapat dilakukan perbaikan secara berkelanjutan guna menekan prevalensi gangguan jiwa di Indonesia.",Penerapan Teknologi Blockchain Dalam Pendidikan Kooperatif Berbasis E-Portfolio,"Banyak perbaikan untuk membantu proses pembelajaran telah dikembangkan oleh kemajuan teknologi dalam pendidikan. Perguruan tinggi sangat perlu mengembangkan kompetensi digitalnya, yang dapat dicapai dengan menggunakan beragam perangkat pembelajaran. Namun, banyak mahasiswa dari universitas lain masih kekurangan kompetensi digital yang diperlukan. Penelitian ini menggunakan teknik survei yang akan dihitung secara kuantitatif dengan menggunakan Skala Likert. Arsitektur sistem manajemen pendidikan kooperatif ini memanfaatkan penyimpanan cloud berbasis blockchain untuk Integrasi E-Portofolio. Proses Blockchain akan berguna sebagai landasan teori bagi para peneliti yang akan memulai penelitian tentang teknologi Blockchain untuk pendidikan digital sehingga tantangan dalam penelitian ini dapat diselesaikan dan hasil kompetensi digital jelas dan tidak dapat disangkal. Student-Centered iLearning Blockchain (SCi-B) dengan E-Portfolio didukung oleh teknologi Blockchain, yang mungkin sesuai dengan kebutuhan universitas dan meningkatkan pendidikan kooperatif pada kompetensi digital, menurut temuan penelitian.",0.2
Teknik Pemeriksaan Keabsahan Data pada Penelitian Kualitatif di Bidang Kesehatan Masyarakat,"Secara umum metode penelitian didefinisikan sebagai suatu kegiatan ilmiah yang terencana, terstruktur, sistematis, dan memiliki tujuan tertentu baik praktis maupun teoritis. Dikatakan terstruktur karena kegiatan ini berlangsung mengikuti suatu proses dan tahapan-tahapan tertentu. Salah satu tahapannya adalah tahapan dalam pengumpulan data. Data merupakan hal yang sangat krusial dalam penelitian, sehingga dalam perjalanannya, data yang dikumpulkan harus memenuhi syarat pada pemeriksaan keabsahan data, termasuk dalam penelitian kualitatif. Metode: Metode yang digunakan adalah literature review, yaitu literatur dikumpulkan dari berbagai sumber seperti buku, jurnal, artikel ilmiah yang saling terkait. Hasil dan Pembahasan: Pemeriksaan terhadap keabsahan data merupakan sebagai unsur yang tidak terpisahkan dari tubuh pengetahuan penelitian kualitatif. Teknik pemeriksaan keabsahan data dalam penelitian kualitatif meliputi uji kredibilitas (perpanjangan pengamatan, meningkatkan ketekunan, triangulasi, analisis kasus negatif, menggunakan bahan referensi, atau mengadakan membercheck), transferabilitas, dependabilitas, maupun konfirmabilitas. Kesimpulan: Teknik pemeriksaan keabsahan data yang dapat dilakukan pada penelitian kualitatif yaitu dengan melakukan uji kredibilitas, transferabilitas, dependabilitas, maupun konfirmabilitas. ",Pengaruh Pendidikan Kesehatan terhadap Sikap Remaja tentang Kesehatan Reproduksi,"Kehidupan remaja menentukan kehidupan mereka selanjutnya. Permasalahan yang kompleks dapat terjadi pada masa remaja, diantaranya pola hidup yang tidak sehat dan ketidakstabilan emosi. Selain itu, remaja juga memiliki resiko dalam kesehatan reproduksi, diantaranya kehamilan yang tidak diinginkan, aborsi, penyakit menular seksual, kekerasan seksual dan terbatasnya remaja terhadap layanan informasi kesehatan. Penelitian ini bertujuan untuk mengetahui pengaruh pendidikan kesehatan terhadap sikap remaja tentang kesehatan reproduksi. Populasi dalam penelitian ini berjumlah 216 siswa dan siswi SMK Mutiara Bangsa dengan jumlah sampel sebanyak 97 responden. Desain penelitian adalah one-group pre-post test design. Cara pengambilan sampel dengan simple random sampling. Analisis data menggunakan perangkat lunak komputer. Uji hipotesis menggunakan uji non-parametris dengan Wilcoxon Signed Rank Test. Hasil penelitian menunjukkan terdapat perubahan nilai rata-rata sikap antara sebelum (68,73) dan sesudah diberikan pendidikan kesehatan (87,10). Hasil uji Wilcoxon Signed Rank Test menunjukkan ada pengaruh pendidikan kesehatan terhadap sikap remaja tentang kesehatan reproduksi (Pv = 0,000). Diharapkan Puskesmas dan Sekolah bekerja sama untuk lebih giat dan aktif dalam memberikan KIE dilingkungan sekolah secara berkala dan berkelanjutan sesuai dengan kebutuhan.",0.35
Pandemi COVID-19 dan Tantangan Kebijakan Kesehatan Mental di Indonesia,"Kesehatan mental merupakan aspek penting dalam mewujudkan kesehatan yang menyeluruh. Namun di sebagian besar negara berkembang, masalah kesehatan mental belum diprioritaskan. Pandemi Coronavirus-19 (COVID-19) menjadikan kesehatan mental menjadi isu penting bagi dunia. Organisasi Kesehatan Dunia (WHO) mengidentifikasi kesehatan mental sebagai komponen integral dari penanggulangan COVID-19. Pandemi COVID-19 dengan transmisi penularan yang masif dan tingkat kematian yang tinggi menyebabkan masalah yang mengarah pada gangguan mental. Kebijakan kesehatan mental di Indonesia harus mengoptimalkan integrasi layanan kesehatan mental. Pendekatan berbasis masyarakat dapat memperluas cakupan pelayanan kesehatan mental pada masa Pandemi COVID-19. Pemerintah harus mengintegrasikan layanan kesehatan mental ke dalam layanan berbasis masyarakat sebagai cara untuk memastikan cakupan universal pelayanan kesehatan mental. Model pemberdayaan partisipatif dan bottom-up menjadi pilihan yang rasional, untuk mengatasi masalah sumber daya dan stigma sebagai penghalang keberhasilan program kesehatan mental di Indonesia.",Media Promosi Kesehatan Untuk Meningkatkan Pengetahuan Ibu Tentang Stunting,"Stunting masih menjadi salah satu masalah gizi di Indonesia, termasuk di Kabupaten Pati. Dampak stunting sangat luas, dari individu, keluarga, masyarakat, sampai level negara. Kurangnya pengetahuan ibu tentang stunting menjadi salah satu penyebab karena media promosi belum efektif dalam meningkatkan pengetahuan ibu. Tujuan penulisan artikel untuk mengkaji berbagai media promosi kesehatan dalam meningkatkan pengetahuan ibu tentang stunting. Metode yang digunakan dalam penulisan artikel ini adalah studi literatur review dengan metode systematic review. Artikel yang dikaji didapatkan melalui pencarian di Google Schoolar dalam kurun waktu tahun 2021-2022 dengan kata kunci pencarian adalah media, penyuluhan, dan stunting. Menggunakan PRISMA, didapatkan 9 artikel jurnal yang akan direview. Hasil kajian menunjukkan media promosi kesehatan yang dapat digunakan untuk meningkatkan pengetahuan tentang stunting pada ibu balita antara lain leaflet, poster, flipchart, flyer, video, dan media sosial Whatsapp. Media tersebut dapat digunakan secara tunggal atau kombinasi. Penyerapan informasi yang disampaikan tergantung pada jenis indra yang terlibat dalam proses penerimaan pesan. Penyerapan yang paling besar dengan indra visual. Oleh karena itu, media visual perlu digunakan secara optimal. Penggunaan media promosi kesehatan secara kombinasi dapat meningkatkan daya serap informasi yang disampaikan karena semakin banyak indra yang terlibat.",0.4
PENGEMBALIAN BERKAS KLAIM PASIEN PESERTA JAMINAN KESEHATAN NASIONAL (JKN) DI RSUD SULTAN SYARIF MOHAMAD ALKADRIE KOTA PONTIANAK,"Klaim BPJS Kesehatan merupakan penyerahan biaya pengobatan peserta BPJS Kesehatan oleh Rumah Sakit kepada BPJS Kesehatan yang dilakukan secara kolektif dan ditagihkan kepada BPJS Kesehatan setiap bulan. Pembiayaan kesehatan merupakan bagian terpenting dari implementasi Jaminan Kesehatan Nasional yang diselenggarakan di Rumah Sakit oleh BPJS Kesehatan melalui pengajuan klaim. Namun, hasil akhir pengajuan klaim berupa status klaim layak atau status klaim tidak layak (Pending Claim), oleh karena itu tidak semua berkas yang diajukan dapat terklaimkan, sehingga status klaim dinyatakan tidak layak atau pending klaim terjadi apabila berkas klaim yang diajukan oleh Rumah Sakit belum lengkap. Tujuan penelitian ini menganalisis penyebab pending claim berkas BPJS Kesehatan pelayanan rawat inap berdasarkan pengumpulan data.Metode: Metode penelitian ini kuantitatif desain crosectional yaitu pendekatan yang berdasarkan pengumpulan data yang dapat menyajikan informasi dalam waktu yang singkat. Periode 02 Februari 2022 sampai dengan 02 Maret 2022.Hasil: Hasil dari penelitian ini adalah 720 berkas pengajuan klaim pada pelayanan rawat inap RS Universitas Airlangga dengan tiga (3) status klaim yaitu, terdapat 720 berkas dengan status klaim layak, 88 berkas dengan status klaim tidak sesuai atau pending, dan 0 dengan status klaim dispute.Simpulan: Penyebab terjadinya pending klaim di Rumah Sakit Universitas Airlangga dikarenakan 4 faktor yaitu: Berkas tidak lengkap, kurang tepatnya coding, kurangnya pemeriksaan penunjang dan kurangnya eviden terapi.Kata kunci: klaim BPJS kesehatan; status klaim; penyebab pending klaim.",Teknologi Pendidikan: Efektivitas Penggunaan Media Pembelajaran Berbasis Teknologi Di Era Digitalisasi,"Pendidikan di era digitalisasi telah mengalami perubahan yang signifikan dengan penggunaan media pembelajaran berbasis teknologi. Penelitian ini bertujuan untuk mengevaluasi efektivitas penggunaan media pembelajaran berbasis teknologi dalam konteks pendidikan di era digital. Hasil analisis menunjukkan bahwa penggunaan media pembelajaran berbasis teknologi dapat meningkatkan keterlibatan siswa, pemahaman konsep, dan motivasi belajar. Selain itu, pendekatan ini memungkinkan akses yang lebih mudah ke berbagai sumber belajar dan memungkinkan pembelajaran yang lebih adaptif sesuai dengan kebutuhan individu. Namun, hasil penelitian ini juga mengungkapkan beberapa tantangan, termasuk perlunya pelatihan yang tepat untuk guru dan siswa, serta kebutuhan untuk mengurangi risiko terkait keamanan dan privasi dalam penggunaan teknologi. Studi ini menyimpulkan bahwa, meskipun mengakui potensi positif dari media pembelajaran berbasis teknologi, penting untuk merancang dan menerapkan strategi yang efektif untuk memastikan bahwa teknologi digunakan secara optimal dalam konteks pendidikan.",0.2
Analisis Penyebab Pending Claim Berkas BPJS Kesehatan Pelayanan Rawat Inap Rumah Sakit Universitas Airlangga,"Bidang kesehatan mengalami kemajuan pesat dengan mengadopsi internet dalam penerapannya, internet memudahkan pekerjaan dan memungkinkan terobosan baru dalam dunia kesehatan melalui e-health . Tulisan ini mencoba melihat bagaimana situs-situs e-health seperti Alodokter dan Halodoc menjadi media konsultasi kesehatan secara online bagi masyarakat. motif apa yang melatarbelakangi pasien memilih berkonsultasi online dan bagaimana masyarakat menaruh kepercayaan konsultasi tanpa tatap muka khsusunya selama masa pandemic COVID 19 dengan menggunakan teori fenomenologi Alferd Schutz yang menitikberatkan pada motif. Penelitian ini menggunakan metode kualitatif dengan pendekatan fenomenalogi. Teknik pengumpulan data melalui wawancara secara online dengan para pasien di aplikasi Alodokter dan Halodoc yang dilakukan dalam kurun waktu 5 bulan dengan total jumlah informan sebanyak 6 orang. Hasil penelitian menunjukkan Because to Motive seseorang melakukan konsultasi online adalah karena pandemic COVID 19 yang menimbulkan kekhawatiran dan ketakutan untuk melakukan konsultasi langsung dan karena penyakit yang dikonsultasikan dianggap pasien bukan penyakit yang serius. In Order to Motive pasien melakukan konsultasi kesehatan online adalah untuk mendapatkan informasi dan solusi dari penyakit yang diderita, untuk mendapatkan rekomendasi obat yang harus dikonsumsi atau Tindakan yang harus ditindaklanjuti serta untuk memperoleh ketenangan atas kecemasan yang dirasakan mengingat banyaknya keluhan yang dikonsultasikan mengacu pada pertanyaan tentang gejala COVID 19. Tingkat kepercayaan pasien kepada hasil diagnosis online menunjukkan bahwa umumnya pasien akan mempercayai hasil diagnosis untuk penyakit ringan, namun untuk diagnosis yang mengarahkan pasien menemui dokter ahli cenderung diabaikan pasien.",Pengaruh Pembelajaran Online Di Era Covid 19 Terhadap Kesehatan Mental Mahasiswa,"Pandemi COVID-19 menghadirkan tantangan bagi pelaksanaan pembelajaran PAUD sehingga orang tua berperan penting dalam pemanfaatan teknologi digital. Tujuan penelitian ini yaitu untuk mengetahui pengaruh pemanfaatan teknologi digital terhadap peran orang tua pada anak usia dini. Penelitian ini menggunakan pendekatan kuantitatif dengan metode survei. Jumlah sampel sebanyak 277 responden (Orang tua). Penelitian ini dilaksanakan di Provinsi Banten, Indonesia. Angket digunakan untuk mengumpulkan data penelitian yang disusun berdasarkan skala Likert . Angket divalidasi oleh tiga ahli dengan tiga cara, yakni validitas isi, konstruk, dan empiris. Analisis data melalui penggunaan SEM (Structural Equation Model) dengan software SmartPLS versi 3.0. Temuan penelitian menunjukkan bahwa terdapat pengaruh teknologi digital terhadap peran orang tua dalam memanfaatkan gadget secara signifikan. Hasil penelitian ini dapat dijadikan petunjuk bagi orang tua dalam memanfaatkan teknologi sehingga orang tua dapat memaksimalkan perannya dengan segala perkembangan yang terjadi.",0.25
Hubungan sosio demografi dan pendapatan dengan kepatuhan membayar iuran PBPU pekerja mandiri di BPJS kesehatan KC Jambi,"Pembayaran iuran BPJS Kesehatan kepada pekerja mandiri PBPU merupakan tantangan besar bagi BPJS Kesehatan, karena tidak ada lembaga yang bertanggung jawab atas pembayaran iuran secara konsisten kepada para peserta tersebut. Tingginya tingkat ketidakpatuhan pembayaran iuran dapat menurunkan kolektabilitas iuran dan menimbulkan risiko keuangan yang signifikan bagi BPJS Kesehatan. Secara nasional, tunggakan iuran peserta tertinggi adalah peserta PBPU-pekerja mandiri (Rp. 5.654.930.976.944,-), yaitu 86,88% dari total tunggakan iuran peserta BPJS Kesehatan. Sedangkan tunggakan iuran peserta di BPJS Kesehatan Kantor Cabang Jambi per tanggal 4 Desember 2020 sekitar 215.369 jiwa dengan total Rp. 161.513.573.648,-. Tujuan dari penelitian ini adalah untuk mengidentifikasi hubungan faktor sosiodemografi dengan kepatuhan membayar iuran BPJS Kesehatan pada peserta PBPU-Pekerja Mandiri di wilayah kerja Kantor Cabang Jambi.",DAMPAK TEKNOLOGI INFORMASI DAN KOMUNIKASI TERHADAP AKTIVITAS PENDIDIKAN,"Pada bidang pendidikan di Indonesia, terdapat beberapa hal yang menunjukkan pentingnya penggunaan TIK, yaitu (1) memaksimalkan kualitas pendidikan di seluruh jenjang; (2) mengantisipasi kesenjangan fasilitas Pendidikan karena perbedaan geografis; (3) pergerakan dinamis sosiobudaya masyarakat; dan (4) memperkuat rasa nasionalisme bangsa. Penelitian ini bertujuan mengeksplor dampak teknologi informasi dan komunikasi terhadap aktivitas pendidikan. Jenis penelitian ini yaitu studi deskriptif kualitatif ini dengan melibatkan 2 orang guru dan 5 orang siswa kelas XII SMK Negeri 1 Seririt. Instrumen yang digunakan yaitu lembar observasi dan panduan wawancara. Analisis data menerapkan analisis interaktif kualitatif. Hasil penelitian membuktikan bahwa (1) Dampak positif TIK yaitu pembelajaran lebih inovatif, meningkatkan pemahaman siswa, memudahkan pembelajaran tanpa batasan waktu dan ruang, memperkaya sumber belajar, memfasilitasi pembelajaran berbasis online.; dan (2) Dampak negatif TIK yaitu perubahan nilai, norma, aturan, maupun moral kehidupan yang berlawanan dengan apa yang diyakini oleh masyarakat. Oleh karena itu, dapat disimpulkan bahwa teknologi informasi dan komunikasi memberikan dampak positif dan negatif tergantung dari pengoperasiannya.",0.2
Promosi Kesehatan dan Ilmu Perilaku,"Promosi kesehatan adalah proses atau upaya agar individu-individu dan masyarakat meningkatkan kemampuan dan mengendalikan faktor-faktor yang mempengaruhi kesehatan, bertujuan untuk meningkatkan derajat kesehatan. Sedangkan perilaku kesehatan adalah suatu respons seseorang (organisme) terhadap stimulus yang berkaitan dengan sakit dan penyakit, system pelayanan kesehatan, makanan serta lingkungan.",Transformasi Pendidikan Digital 5.0 melalui Integrasi Inovasi Ilmu Pengetahuan dan Teknologi,"Pendidikan Digital 5.0 menggabungkan inovasi ilmu pengetahuan dan teknologi untuk menciptakan lingkungan belajar yang efektif, interaktif, dan relevan. Penelitian ini bertujuan untuk menggambarkan peran transformasi pendidikan digital 5.0 melalui integrasi inovasi ilmu pengetahuan dan teknologi. Studi ini menggunakan metode penelitian kualitatif dengan pendekatan studi literatur. Data dari sumber literatur relevan digunakan untuk memperoleh pemahaman tentang konsep pendidikan digital 5.0 dan integrasi inovasi ilmu pengetahuan dan teknologi dalam konteks pendidikan. Hasil penelitian menunjukkan bahwa pendidikan digital 5.0 memberikan peluang baru dalam belajar dan mengajar. Integrasi inovasi ilmu pengetahuan dan teknologi menciptakan ekosistem pembelajaran berbasis teknologi canggih seperti kecerdasan buatan, pembelajaran mesin, realitas virtual, dan internet of things. Pendekatan ini meningkatkan motivasi, interaksi, dan partisipasi siswa. Selain itu, integrasi inovasi ilmu pengetahuan dan teknologi juga mendorong strategi pembelajaran inovatif seperti flipped classroom, blended learning, dan personalized learning. Guru dapat menghadirkan konten pendidikan yang menarik dan relevan serta memfasilitasi kolaborasi dan komunikasi yang efektif antara guru dan siswa. Namun, transformasi pendidikan digital 5.0 juga menghadapi tantangan. Persiapan yang berkelanjutan diperlukan untuk mempersiapkan guru dan siswa dalam menguasai dan memanfaatkan teknologi secara optimal. Privasi dan keamanan penggunaan teknologi digital juga harus diperhatikan. Kesimpulannya, transformasi pendidikan digital 5.0 melalui integrasi inovasi ilmu pengetahuan dan teknologi meningkatkan kualitas pendidikan. Dengan teknologi canggih dan strategi pembelajaran inovatif, pendidikan digital 5.0 menciptakan lingkungan belajar yang interaktif, kreatif, dan adaptif. Tantangan dalam implementasi teknologi juga harus diatasi agar potensi penuh pendidikan digital 5.0 dapat terwujud.",0.1
